cam_id,intersection_id,zone_id,lat,lon,area_class,source
c000,i00,z0,0.000000,0.000000,highway,SYNTHETIC
c001,i00,z0,0.000000,0.000000,highway,SYNTHETIC
c002,i00,z0,0.000000,0.000000,highway,SYNTHETIC
c003,i00,z0,0.000000,0.000000,highway,SYNTHETIC
c004,i00,z0,0.000000,0.000000,highway,SYNTHETIC
c005,i01,z0,0.000000,0.002250,highway,SYNTHETIC
c006,i01,z0,0.000000,0.002250,highway,SYNTHETIC
c007,i01,z0,0.000000,0.002250,highway,SYNTHETIC
c008,i01,z0,0.000000,0.002250,highway,SYNTHETIC
c009,i02,z0,0.000000,0.004500,highway,SYNTHETIC
c010,i02,z0,0.000000,0.004500,highway,SYNTHETIC
c011,i02,z0,0.000000,0.004500,highway,SYNTHETIC
c012,i03,z0,0.000000,0.006750,highway,SYNTHETIC
c013,i03,z0,0.000000,0.006750,highway,SYNTHETIC
c014,i03,z0,0.000000,0.006750,highway,SYNTHETIC
c015,i04,z1,0.002250,0.000000,intersection,SYNTHETIC
c016,i04,z1,0.002250,0.000000,intersection,SYNTHETIC
c017,i05,z1,0.002250,0.002250,intersection,SYNTHETIC
c018,i05,z1,0.002250,0.002250,intersection,SYNTHETIC
c019,i05,z1,0.002250,0.002250,intersection,SYNTHETIC
c020,i06,z1,0.002250,0.004500,intersection,SYNTHETIC
c021,i06,z1,0.002250,0.004500,intersection,SYNTHETIC
c022,i06,z1,0.002250,0.004500,intersection,SYNTHETIC
c023,i07,z1,0.002250,0.006750,intersection,SYNTHETIC
c024,i07,z1,0.002250,0.006750,intersection,SYNTHETIC
c025,i07,z1,0.002250,0.006750,intersection,SYNTHETIC
c026,i08,z2,0.004500,0.000000,intersection,SYNTHETIC
c027,i08,z2,0.004500,0.000000,intersection,SYNTHETIC
c028,i09,z2,0.004500,0.002250,intersection,SYNTHETIC
c029,i09,z2,0.004500,0.002250,intersection,SYNTHETIC
c030,i09,z2,0.004500,0.002250,intersection,SYNTHETIC
c031,i10,z2,0.004500,0.004500,intersection,SYNTHETIC
c032,i10,z2,0.004500,0.004500,intersection,SYNTHETIC
c033,i10,z2,0.004500,0.004500,intersection,SYNTHETIC
c034,i11,z2,0.004500,0.006750,intersection,SYNTHETIC
c035,i11,z2,0.004500,0.006750,intersection,SYNTHETIC
c036,i12,z3,0.006750,0.000000,intersection,SYNTHETIC
c037,i12,z3,0.006750,0.000000,intersection,SYNTHETIC
c038,i12,z3,0.006750,0.000000,intersection,SYNTHETIC
c039,i13,z3,0.006750,0.002250,intersection,SYNTHETIC
c040,i13,z3,0.006750,0.002250,intersection,SYNTHETIC
c041,i14,z3,0.006750,0.004500,intersection,SYNTHETIC
c042,i14,z3,0.006750,0.004500,intersection,SYNTHETIC
c043,i14,z3,0.006750,0.004500,intersection,SYNTHETIC
c044,i15,z3,0.006750,0.006750,intersection,SYNTHETIC
c045,i15,z3,0.006750,0.006750,intersection,SYNTHETIC
